bbaserdem:keyboards/40percentclub/gherkin/keymaps/bbaserdem default:keyboards/40percentclub/gherkin/keymaps/default itsaferbie:keyboards/40percentclub/gherkin/keymaps/itsaferbie michel:keyboards/40percentclub/gherkin/keymaps/michel midi:keyboards/40percentclub/gherkin/keymaps/midi mjt:keyboards/40percentclub/gherkin/keymaps/mjt pierrec83:keyboards/40percentclub/gherkin/keymaps/pierrec83 steno:keyboards/40percentclub/gherkin/keymaps/steno stevexyz:keyboards/40percentclub/gherkin/keymaps/stevexyz talljoe-gherkin:keyboards/40percentclub/gherkin/keymaps/talljoe-gherkin wanleg:layouts/community/ortho_3x10/wanleg
