194h:keyboards/atreus62/keymaps/194h atreus52:keyboards/atreus62/keymaps/atreus52 d4mation:keyboards/atreus62/keymaps/d4mation default:keyboards/atreus62/keymaps/default hvp:keyboards/atreus62/keymaps/hvp jarred:keyboards/atreus62/keymaps/jarred mfluid:keyboards/atreus62/keymaps/mfluid mneme:keyboards/atreus62/keymaps/mneme pcewing:keyboards/atreus62/keymaps/pcewing scheiklp:keyboards/atreus62/keymaps/scheiklp xyverz:keyboards/atreus62/keymaps/xyverz
