carpalx:keyboards/kinesis/keymaps/carpalx default:keyboards/kinesis/keymaps/default default_pretty:keyboards/kinesis/keymaps/default_pretty dvorak:keyboards/kinesis/keymaps/dvorak dvorak_nguyenvietyen:keyboards/kinesis/keymaps/dvorak_nguyenvietyen insertsnideremarks:keyboards/kinesis/keymaps/insertsnideremarks milestogo:keyboards/kinesis/keymaps/milestogo tuesdayjohn:keyboards/kinesis/keymaps/tuesdayjohn tw1t611:keyboards/kinesis/keymaps/tw1t611 xyverz:keyboards/kinesis/keymaps/xyverz
