biacco-biacco:keyboards/ergo42/keymaps/biacco-biacco biacco-macOS:keyboards/ergo42/keymaps/biacco-macOS biacco-underglow:keyboards/ergo42/keymaps/biacco-underglow biacco-winjp:keyboards/ergo42/keymaps/biacco-winjp biacco:keyboards/ergo42/keymaps/biacco default-illustrator:keyboards/ergo42/keymaps/default-illustrator default-underglow:keyboards/ergo42/keymaps/default-underglow default:keyboards/ergo42/keymaps/default hdbx:keyboards/ergo42/keymaps/hdbx ichi-t:keyboards/ergo42/keymaps/ichi-t koba:keyboards/ergo42/keymaps/koba shinze:keyboards/ergo42/keymaps/shinze yshrsmz:keyboards/ergo42/keymaps/yshrsmz
