4sstylz:keyboards/xd75/keymaps/4sstylz adi:keyboards/xd75/keymaps/adi arpinfidel:keyboards/xd75/keymaps/arpinfidel atomic_style:keyboards/xd75/keymaps/atomic_style atomic_style_jp:keyboards/xd75/keymaps/atomic_style_jp bbaserdem:keyboards/xd75/keymaps/bbaserdem billypython:keyboards/xd75/keymaps/billypython boy_314:keyboards/xd75/keymaps/boy_314 bramver:keyboards/xd75/keymaps/bramver bulbizarre:keyboards/xd75/keymaps/bulbizarre buzzlighter1:keyboards/xd75/keymaps/buzzlighter1 c4software_bepo:keyboards/xd75/keymaps/c4software_bepo cbbrowne:keyboards/xd75/keymaps/cbbrowne clanghans:keyboards/xd75/keymaps/clanghans colinta:keyboards/xd75/keymaps/colinta daniel:keyboards/xd75/keymaps/daniel davidrambo:keyboards/xd75/keymaps/davidrambo default:keyboards/xd75/keymaps/default developper_bepo:keyboards/xd75/keymaps/developper_bepo dyn_macro_tap_dance:keyboards/xd75/keymaps/dyn_macro_tap_dance emilyh:keyboards/xd75/keymaps/emilyh ericgebhart:keyboards/xd75/keymaps/ericgebhart fabian:keyboards/xd75/keymaps/fabian french:keyboards/xd75/keymaps/french germanized:keyboards/xd75/keymaps/germanized hybrid:keyboards/xd75/keymaps/hybrid jarred:keyboards/xd75/keymaps/jarred kim-kim-xd73:keyboards/xd75/keymaps/kim-kim-xd73 kim-kim:keyboards/xd75/keymaps/kim-kim kloki:keyboards/xd75/keymaps/kloki markus:keyboards/xd75/keymaps/markus msiu:keyboards/xd75/keymaps/msiu mtdjr:keyboards/xd75/keymaps/mtdjr neothefox:keyboards/xd75/keymaps/neothefox odyssey:keyboards/xd75/keymaps/odyssey pitty:keyboards/xd75/keymaps/pitty revok75:keyboards/xd75/keymaps/revok75 scheiklp:keyboards/xd75/keymaps/scheiklp skewwhiffy:keyboards/xd75/keymaps/skewwhiffy tdl-jturner:keyboards/xd75/keymaps/tdl-jturner via:keyboards/xd75/keymaps/via wanleg:layouts/community/ortho_5x15/wanleg xo:keyboards/xd75/keymaps/xo
