ajp10304:layouts/community/ortho_4x12/ajp10304 alfrdmalr:layouts/community/ortho_4x12/alfrdmalr bakingpy:layouts/community/ortho_4x12/bakingpy bredfield:layouts/community/ortho_4x12/bredfield buswerks:layouts/community/ortho_4x12/buswerks cockpit:keyboards/jj40/keymaps/cockpit colemak_mod_dh_wide:layouts/community/ortho_4x12/colemak_mod_dh_wide crs:layouts/community/ortho_4x12/crs default:keyboards/jj40/keymaps/default drashna:layouts/community/ortho_4x12/drashna ergodoxish:layouts/community/ortho_4x12/ergodoxish fun40:keyboards/jj40/keymaps/fun40 grahampheath:layouts/community/ortho_4x12/grahampheath guidoism:layouts/community/planck_mit/guidoism jarred:layouts/community/ortho_4x12/jarred jotix:layouts/community/ortho_4x12/jotix juno:layouts/community/ortho_4x12/juno junonum:layouts/community/ortho_4x12/junonum krusli:keyboards/jj40/keymaps/krusli like_jis:keyboards/jj40/keymaps/like_jis manna-harbour_miryoku:layouts/community/ortho_4x12/manna-harbour_miryoku mguterl:layouts/community/ortho_4x12/mguterl mindsound:layouts/community/ortho_4x12/mindsound oscillope:keyboards/jj40/keymaps/oscillope rs:layouts/community/ortho_4x12/rs skewwhiffy:keyboards/jj40/keymaps/skewwhiffy stevexyz:keyboards/jj40/keymaps/stevexyz suzuken:keyboards/jj40/keymaps/suzuken symbolic:layouts/community/ortho_4x12/symbolic talljoe:layouts/community/ortho_4x12/talljoe wanleg:layouts/community/ortho_4x12/wanleg waples:keyboards/jj40/keymaps/waples xyverz:layouts/community/ortho_4x12/xyverz
