abishalom:keyboards/tada68/keymaps/abishalom amnesia0287:keyboards/tada68/keymaps/amnesia0287 ardakilic:keyboards/tada68/keymaps/ardakilic bazooka:keyboards/tada68/keymaps/bazooka cheese:keyboards/tada68/keymaps/cheese default:keyboards/tada68/keymaps/default devinceble:keyboards/tada68/keymaps/devinceble dlg:keyboards/tada68/keymaps/dlg emdarcher:keyboards/tada68/keymaps/emdarcher fakb:keyboards/tada68/keymaps/fakb fezzant:keyboards/tada68/keymaps/fezzant hhkb68:keyboards/tada68/keymaps/hhkb68 iso-nor:keyboards/tada68/keymaps/iso-nor iso-uk:keyboards/tada68/keymaps/iso-uk isoish:keyboards/tada68/keymaps/isoish jarred:keyboards/tada68/keymaps/jarred kbp-v60:keyboards/tada68/keymaps/kbp-v60 laas:keyboards/tada68/keymaps/laas maartenwut:keyboards/tada68/keymaps/maartenwut mattdicarlo:keyboards/tada68/keymaps/mattdicarlo mattgemmell:keyboards/tada68/keymaps/mattgemmell mechmerlin:layouts/community/65_ansi/mechmerlin mekberg:keyboards/tada68/keymaps/mekberg mlechner:keyboards/tada68/keymaps/mlechner mtdjr:keyboards/tada68/keymaps/mtdjr onelivesleft:keyboards/tada68/keymaps/onelivesleft pascamel:keyboards/tada68/keymaps/pascamel peippo:keyboards/tada68/keymaps/peippo raylas:keyboards/tada68/keymaps/raylas rbong:keyboards/tada68/keymaps/rbong rgb:keyboards/tada68/keymaps/rgb rupa:keyboards/tada68/keymaps/rupa rys:keyboards/tada68/keymaps/rys shalzz:keyboards/tada68/keymaps/shalzz sm0g:keyboards/tada68/keymaps/sm0g stephengrier:keyboards/tada68/keymaps/stephengrier tokyovigilante:keyboards/tada68/keymaps/tokyovigilante trashcat:keyboards/tada68/keymaps/trashcat tshack:keyboards/tada68/keymaps/tshack unix:keyboards/tada68/keymaps/unix via:keyboards/tada68/keymaps/via wamsm_tada:keyboards/tada68/keymaps/wamsm_tada yanfali:layouts/community/65_ansi/yanfali
