ab:keyboards/planck/keymaps/ab abishalom:keyboards/planck/keymaps/abishalom ajp10304:layouts/community/ortho_4x12/ajp10304 alexey:keyboards/planck/keymaps/alexey alfrdmalr:layouts/community/ortho_4x12/alfrdmalr altgr:keyboards/planck/keymaps/altgr am:keyboards/planck/keymaps/am andylikescandy:keyboards/planck/keymaps/andylikescandy angerthosenear:keyboards/planck/keymaps/angerthosenear austin:keyboards/planck/keymaps/austin aviator:keyboards/planck/keymaps/aviator bakingpy:layouts/community/ortho_4x12/bakingpy basic:keyboards/planck/keymaps/basic bbaserdem:keyboards/planck/keymaps/bbaserdem bone2planck:keyboards/planck/keymaps/bone2planck brandon:keyboards/planck/keymaps/brandon bredfield:layouts/community/ortho_4x12/bredfield buffet:keyboards/planck/keymaps/buffet buhearns:keyboards/planck/keymaps/buhearns buswerks:layouts/community/ortho_4x12/buswerks callum:keyboards/planck/keymaps/callum cbbrowne:keyboards/planck/keymaps/cbbrowne chance:keyboards/planck/keymaps/chance charlesrocket:keyboards/planck/keymaps/charlesrocket charlie:keyboards/planck/keymaps/charlie circuit:keyboards/planck/keymaps/circuit colemak_mod_dh_wide:layouts/community/ortho_4x12/colemak_mod_dh_wide coloneljesus:keyboards/planck/keymaps/coloneljesus copface:keyboards/planck/keymaps/copface corvec:keyboards/planck/keymaps/corvec crs:layouts/community/ortho_4x12/crs csc027:keyboards/planck/keymaps/csc027 daniel:keyboards/planck/keymaps/daniel danielhklein:keyboards/planck/keymaps/danielhklein david:keyboards/planck/keymaps/david davidrambo:keyboards/planck/keymaps/davidrambo dbroqua:keyboards/planck/keymaps/dbroqua dc:keyboards/planck/keymaps/dc dcompact:keyboards/planck/keymaps/dcompact default:keyboards/planck/keymaps/default deft:keyboards/planck/keymaps/deft dlaroe:keyboards/planck/keymaps/dlaroe dodger:keyboards/planck/keymaps/dodger dr0ck:keyboards/planck/keymaps/dr0ck dr_notsokind:keyboards/planck/keymaps/dr_notsokind drashna:layouts/community/ortho_4x12/drashna dsanchezseco:keyboards/planck/keymaps/dsanchezseco dshields:keyboards/planck/keymaps/dshields dudeofawesome:keyboards/planck/keymaps/dudeofawesome dvorak2space:keyboards/planck/keymaps/dvorak2space dzobert:keyboards/planck/keymaps/dzobert emiller:keyboards/planck/keymaps/emiller emilyh:keyboards/planck/keymaps/emilyh ergodoxish:layouts/community/ortho_4x12/ergodoxish espynn:keyboards/planck/keymaps/espynn experimental:keyboards/planck/keymaps/experimental fabian:keyboards/planck/keymaps/fabian fsck:keyboards/planck/keymaps/fsck gabriel:keyboards/planck/keymaps/gabriel grahampheath:keyboards/planck/keymaps/grahampheath grahampheath:layouts/community/ortho_4x12/grahampheath guidoism:layouts/community/planck_mit/guidoism gunp:keyboards/planck/keymaps/gunp handwired_binaryplease:keyboards/planck/keymaps/handwired_binaryplease hiea:keyboards/planck/keymaps/hiea hieax:keyboards/planck/keymaps/hieax hvp:keyboards/planck/keymaps/hvp impossible:keyboards/planck/keymaps/impossible ishtob:keyboards/planck/keymaps/ishtob jacob:keyboards/planck/keymaps/jacob jarred:layouts/community/ortho_4x12/jarred jasperla:keyboards/planck/keymaps/jasperla jcorrado:keyboards/planck/keymaps/jcorrado jeebak:keyboards/planck/keymaps/jeebak jeremy-dev:keyboards/planck/keymaps/jeremy-dev jetpacktuxedo:keyboards/planck/keymaps/jetpacktuxedo jhenahan:keyboards/planck/keymaps/jhenahan jirgn:keyboards/planck/keymaps/jirgn joe:keyboards/planck/keymaps/joe johannes:keyboards/planck/keymaps/johannes jotix:layouts/community/ortho_4x12/jotix juno:layouts/community/ortho_4x12/juno junonum:layouts/community/ortho_4x12/junonum kelorean:keyboards/planck/keymaps/kelorean khord:keyboards/planck/keymaps/khord kifinnsson:keyboards/planck/keymaps/kifinnsson kloki:keyboards/planck/keymaps/kloki kmontag42:keyboards/planck/keymaps/kmontag42 kyle:keyboards/planck/keymaps/kyle lae3:keyboards/planck/keymaps/lae3 leo:keyboards/planck/keymaps/leo lucas:keyboards/planck/keymaps/lucas lukas:keyboards/planck/keymaps/lukas luke:keyboards/planck/keymaps/luke manna-harbour_miryoku:layouts/community/ortho_4x12/manna-harbour_miryoku mason:keyboards/planck/keymaps/mason matrixman:keyboards/planck/keymaps/matrixman mattly:keyboards/planck/keymaps/mattly max:keyboards/planck/keymaps/max mgalisa:keyboards/planck/keymaps/mgalisa mguterl:layouts/community/ortho_4x12/mguterl mikethetiger:keyboards/planck/keymaps/mikethetiger mindsound:layouts/community/ortho_4x12/mindsound mitch:keyboards/planck/keymaps/mitch mjt:keyboards/planck/keymaps/mjt mjtnumsym:keyboards/planck/keymaps/mjtnumsym mollat:keyboards/planck/keymaps/mollat motform:keyboards/planck/keymaps/motform msiu:keyboards/planck/keymaps/msiu muzfuz:keyboards/planck/keymaps/muzfuz mwpeterson:keyboards/planck/keymaps/mwpeterson myoung34:keyboards/planck/keymaps/myoung34 narze:keyboards/planck/keymaps/narze navi:keyboards/planck/keymaps/navi neo2planck:keyboards/planck/keymaps/neo2planck nick:keyboards/planck/keymaps/nick nico:keyboards/planck/keymaps/nico not-quite-neo:keyboards/planck/keymaps/not-quite-neo originerd:keyboards/planck/keymaps/originerd oryx:keyboards/planck/keymaps/oryx paget:keyboards/planck/keymaps/paget palleiko:keyboards/planck/keymaps/palleiko pascamel:keyboards/planck/keymaps/pascamel pete:keyboards/planck/keymaps/pete pevecyan:keyboards/planck/keymaps/pevecyan phreed:keyboards/planck/keymaps/phreed pickle_jr:keyboards/planck/keymaps/pickle_jr piemod:keyboards/planck/keymaps/piemod pok3r:keyboards/planck/keymaps/pok3r premek:keyboards/planck/keymaps/premek priyadi:keyboards/planck/keymaps/priyadi ptillemans:keyboards/planck/keymaps/ptillemans pvc:keyboards/planck/keymaps/pvc raffle:keyboards/planck/keymaps/raffle rai-suta:keyboards/planck/keymaps/rai-suta rjhilgefort:keyboards/planck/keymaps/rjhilgefort rodhaene:keyboards/planck/keymaps/rodhaene roguepullrequest:keyboards/planck/keymaps/roguepullrequest rs:layouts/community/ortho_4x12/rs samuel:keyboards/planck/keymaps/samuel sascha:keyboards/planck/keymaps/sascha sdothum:keyboards/planck/keymaps/sdothum sean:keyboards/planck/keymaps/sean sebas:keyboards/planck/keymaps/sebas sgoodwin:keyboards/planck/keymaps/sgoodwin sigul:keyboards/planck/keymaps/sigul skank:keyboards/planck/keymaps/skank skug:keyboards/planck/keymaps/skug smittey:keyboards/planck/keymaps/smittey smt:keyboards/planck/keymaps/smt snowkuma:keyboards/planck/keymaps/snowkuma spacebarracecar:keyboards/planck/keymaps/spacebarracecar steno:keyboards/planck/keymaps/steno symbolic:layouts/community/ortho_4x12/symbolic tak3over:keyboards/planck/keymaps/tak3over talljoe:layouts/community/ortho_4x12/talljoe tehwalris:keyboards/planck/keymaps/tehwalris that_canadian:keyboards/planck/keymaps/that_canadian thermal_printer:keyboards/planck/keymaps/thermal_printer tom:keyboards/planck/keymaps/tom tong92:keyboards/planck/keymaps/tong92 tylerwince:keyboards/planck/keymaps/tylerwince unagi:keyboards/planck/keymaps/unagi unicode:keyboards/planck/keymaps/unicode vaire:keyboards/planck/keymaps/vaire vifon:keyboards/planck/keymaps/vifon vxid:keyboards/planck/keymaps/vxid wanleg:layouts/community/ortho_4x12/wanleg xjtian:keyboards/planck/keymaps/xjtian xyverz:layouts/community/ortho_4x12/xyverz yale:keyboards/planck/keymaps/yale yang:keyboards/planck/keymaps/yang yttyx:keyboards/planck/keymaps/yttyx zach:keyboards/planck/keymaps/zach zrichard:keyboards/planck/keymaps/zrichard
