alairock:keyboards/minidox/keymaps/alairock bepo:keyboards/minidox/keymaps/bepo default:keyboards/minidox/keymaps/default dustypomerleau:keyboards/minidox/keymaps/dustypomerleau haegin:keyboards/minidox/keymaps/haegin khitsule:keyboards/minidox/keymaps/khitsule norman:keyboards/minidox/keymaps/norman rsthd_combos:keyboards/minidox/keymaps/rsthd_combos that_canadian:keyboards/minidox/keymaps/that_canadian tomb0y:keyboards/minidox/keymaps/tomb0y tw1t611:keyboards/minidox/keymaps/tw1t611 xyverz:keyboards/minidox/keymaps/xyverz
