adamdehaven:keyboards/kbdfans/kbd75/keymaps/adamdehaven adit:keyboards/kbdfans/kbd75/keymaps/adit broswen:keyboards/kbdfans/kbd75/keymaps/broswen default:keyboards/kbdfans/kbd75/keymaps/default digital:keyboards/kbdfans/kbd75/keymaps/digital edulpn:keyboards/kbdfans/kbd75/keymaps/edulpn iso:keyboards/kbdfans/kbd75/keymaps/iso kingwangwong:keyboards/kbdfans/kbd75/keymaps/kingwangwong mechmerlin-75_ansi:layouts/community/75_ansi/mechmerlin-75_ansi smt:keyboards/kbdfans/kbd75/keymaps/smt spacemanspiff:keyboards/kbdfans/kbd75/keymaps/spacemanspiff spidey3:layouts/community/75_ansi/spidey3 tucznak:keyboards/kbdfans/kbd75/keymaps/tucznak via:keyboards/kbdfans/kbd75/keymaps/via yanfali:layouts/community/75_ansi/yanfali
