bakingpy:keyboards/keebio/viterbi/keymaps/bakingpy default:keyboards/keebio/viterbi/keymaps/default drashna:keyboards/keebio/viterbi/keymaps/drashna drashna_old:keyboards/keebio/viterbi/keymaps/drashna_old dwallace:keyboards/keebio/viterbi/keymaps/dwallace ericgebhart:keyboards/keebio/viterbi/keymaps/ericgebhart fido:keyboards/keebio/viterbi/keymaps/fido met:keyboards/keebio/viterbi/keymaps/met mike808:keyboards/keebio/viterbi/keymaps/mike808 vosechu:keyboards/keebio/viterbi/keymaps/vosechu yet-another-developer:layouts/community/ortho_5x14/yet-another-developer
