0xdec:keyboards/preonic/keymaps/0xdec 333fred:layouts/community/ortho_5x12/333fred AlexDaigre:keyboards/preonic/keymaps/AlexDaigre CMD-Preonic:keyboards/preonic/keymaps/CMD-Preonic alfrdmalr:layouts/community/ortho_5x12/alfrdmalr blake-newman:keyboards/preonic/keymaps/blake-newman boy314:keyboards/preonic/keymaps/boy314 bucktooth:keyboards/preonic/keymaps/bucktooth choromanski:keyboards/preonic/keymaps/choromanski cranium:keyboards/preonic/keymaps/cranium default:keyboards/preonic/keymaps/default dlaroe:keyboards/preonic/keymaps/dlaroe drashna:layouts/community/ortho_5x12/drashna dudeofawesome:keyboards/preonic/keymaps/dudeofawesome egstad:keyboards/preonic/keymaps/egstad ekis_isa:keyboards/preonic/keymaps/ekis_isa elisiano:keyboards/preonic/keymaps/elisiano fig-r:keyboards/preonic/keymaps/fig-r fsck:keyboards/preonic/keymaps/fsck jacwib:keyboards/preonic/keymaps/jacwib keelhauler:keyboards/preonic/keymaps/keelhauler kinesis:keyboards/preonic/keymaps/kinesis kjwon15:keyboards/preonic/keymaps/kjwon15 kuatsure:keyboards/preonic/keymaps/kuatsure laurentlaurent:keyboards/preonic/keymaps/laurentlaurent mguterl:keyboards/preonic/keymaps/mguterl mikethetiger:keyboards/preonic/keymaps/mikethetiger muzfuz:keyboards/preonic/keymaps/muzfuz mverteuil:keyboards/preonic/keymaps/mverteuil mverteuil_2x2u:keyboards/preonic/keymaps/mverteuil_2x2u nikchi:keyboards/preonic/keymaps/nikchi pitty:keyboards/preonic/keymaps/pitty pvillano:keyboards/preonic/keymaps/pvillano rs:layouts/community/ortho_5x12/rs senseored:keyboards/preonic/keymaps/senseored seph:keyboards/preonic/keymaps/seph shwilliam:keyboards/preonic/keymaps/shwilliam smt:keyboards/preonic/keymaps/smt that_canadian:keyboards/preonic/keymaps/that_canadian trigotometry:keyboards/preonic/keymaps/trigotometry xulkal:keyboards/preonic/keymaps/xulkal xyverz:layouts/community/ortho_5x12/xyverz zach:keyboards/preonic/keymaps/zach
