clash:keyboards/atreus/keymaps/clash classic:keyboards/atreus/keymaps/classic default:keyboards/atreus/keymaps/default dvorak_42_key:keyboards/atreus/keymaps/dvorak_42_key erlandsona:keyboards/atreus/keymaps/erlandsona gerb:keyboards/atreus/keymaps/gerb henxing:keyboards/atreus/keymaps/henxing ibnuda:keyboards/atreus/keymaps/ibnuda jeremy:keyboards/atreus/keymaps/jeremy kejadlen:keyboards/atreus/keymaps/kejadlen khitsule:keyboards/atreus/keymaps/khitsule nojjan:keyboards/atreus/keymaps/nojjan ptillemans:keyboards/atreus/keymaps/ptillemans replicaJunction:keyboards/atreus/keymaps/replicaJunction ridingqwerty:keyboards/atreus/keymaps/ridingqwerty talljoe-atreus:keyboards/atreus/keymaps/talljoe-atreus workman:keyboards/atreus/keymaps/workman xk:keyboards/atreus/keymaps/xk xyverz:keyboards/atreus/keymaps/xyverz yttyx:keyboards/atreus/keymaps/yttyx
