abhixec:keyboards/niu_mini/keymaps/abhixec ajp10304:layouts/community/ortho_4x12/ajp10304 alfrdmalr:layouts/community/ortho_4x12/alfrdmalr bakingpy:layouts/community/ortho_4x12/bakingpy bredfield:layouts/community/ortho_4x12/bredfield buswerks:layouts/community/ortho_4x12/buswerks codecoffeecode:keyboards/niu_mini/keymaps/codecoffeecode colemak_mod_dh_wide:layouts/community/ortho_4x12/colemak_mod_dh_wide crs:layouts/community/ortho_4x12/crs default:keyboards/niu_mini/keymaps/default drashna:layouts/community/ortho_4x12/drashna ergodoxish:layouts/community/ortho_4x12/ergodoxish framtava:keyboards/niu_mini/keymaps/framtava grahampheath:layouts/community/ortho_4x12/grahampheath guidoism:layouts/community/planck_mit/guidoism jarred:layouts/community/ortho_4x12/jarred jotix:layouts/community/ortho_4x12/jotix juno:layouts/community/ortho_4x12/juno junonum:layouts/community/ortho_4x12/junonum manna-harbour_miryoku:layouts/community/ortho_4x12/manna-harbour_miryoku mason:keyboards/niu_mini/keymaps/mason mguterl:layouts/community/ortho_4x12/mguterl mindsound:layouts/community/ortho_4x12/mindsound nosarthur:keyboards/niu_mini/keymaps/nosarthur planck:keyboards/niu_mini/keymaps/planck rs:layouts/community/ortho_4x12/rs symbolic:layouts/community/ortho_4x12/symbolic talljoe:layouts/community/ortho_4x12/talljoe tobias:keyboards/niu_mini/keymaps/tobias tucznak:keyboards/niu_mini/keymaps/tucznak via:keyboards/niu_mini/keymaps/via wanleg:layouts/community/ortho_4x12/wanleg xtonhasvim:keyboards/niu_mini/keymaps/xtonhasvim xyverz:layouts/community/ortho_4x12/xyverz yttyx:keyboards/niu_mini/keymaps/yttyx
