asapjockey:keyboards/kyria/keymaps/asapjockey cjuniet:keyboards/kyria/keymaps/cjuniet corodiak:keyboards/kyria/keymaps/corodiak default:keyboards/kyria/keymaps/default drashna:keyboards/kyria/keymaps/drashna gotham:keyboards/kyria/keymaps/gotham j-inc:keyboards/kyria/keymaps/j-inc jhelvy:keyboards/kyria/keymaps/jhelvy kejadlen:keyboards/kyria/keymaps/kejadlen ninjonas:keyboards/kyria/keymaps/ninjonas pierrec83:keyboards/kyria/keymaps/pierrec83 plattfot:keyboards/kyria/keymaps/plattfot rmw:keyboards/kyria/keymaps/rmw shinze:keyboards/kyria/keymaps/shinze tessachka:keyboards/kyria/keymaps/tessachka thomasbaart:keyboards/kyria/keymaps/thomasbaart
