default:keyboards/dztech/dz60rgb/keymaps/default didel:keyboards/dztech/dz60rgb/keymaps/didel kgreulich:keyboards/dztech/dz60rgb/keymaps/kgreulich matthewrobo:keyboards/dztech/dz60rgb/keymaps/matthewrobo mekanist:keyboards/dztech/dz60rgb/keymaps/mekanist perseid:keyboards/dztech/dz60rgb/keymaps/perseid via:keyboards/dztech/dz60rgb/keymaps/via xunz:keyboards/dztech/dz60rgb/keymaps/xunz
