333fred:keyboards/keebio/iris/keymaps/333fred antonlindstrom:keyboards/keebio/iris/keymaps/antonlindstrom ave-63:keyboards/keebio/iris/keymaps/ave-63 blucky:keyboards/keebio/iris/keymaps/blucky bmoorey:keyboards/keebio/iris/keymaps/bmoorey broswen:keyboards/keebio/iris/keymaps/broswen csc027:keyboards/keebio/iris/keymaps/csc027 davidrambo:keyboards/keebio/iris/keymaps/davidrambo dbroqua:keyboards/keebio/iris/keymaps/dbroqua dcompact:keyboards/keebio/iris/keymaps/dcompact default:keyboards/keebio/iris/keymaps/default drashna:keyboards/keebio/iris/keymaps/drashna drashna_lp:keyboards/keebio/iris/keymaps/drashna_lp drashna_old:keyboards/keebio/iris/keymaps/drashna_old dvorak:keyboards/keebio/iris/keymaps/dvorak dvp-zjpxshade:keyboards/keebio/iris/keymaps/dvp-zjpxshade edvorakjp:keyboards/keebio/iris/keymaps/edvorakjp eosti:keyboards/keebio/iris/keymaps/eosti fabian:keyboards/keebio/iris/keymaps/fabian fate:keyboards/keebio/iris/keymaps/fate fluffactually:keyboards/keebio/iris/keymaps/fluffactually fsck:keyboards/keebio/iris/keymaps/fsck gary:keyboards/keebio/iris/keymaps/gary gsigler:keyboards/keebio/iris/keymaps/gsigler hag:keyboards/keebio/iris/keymaps/hag hbbisenieks:keyboards/keebio/iris/keymaps/hbbisenieks hexwire:keyboards/keebio/iris/keymaps/hexwire impstyle:keyboards/keebio/iris/keymaps/impstyle isolike:keyboards/keebio/iris/keymaps/isolike jasondunsmore:keyboards/keebio/iris/keymaps/jasondunsmore jasonkrasavage:keyboards/keebio/iris/keymaps/jasonkrasavage jennetters:keyboards/keebio/iris/keymaps/jennetters jerryhcooke:keyboards/keebio/iris/keymaps/jerryhcooke jhelvy:keyboards/keebio/iris/keymaps/jhelvy khitsule:keyboards/keebio/iris/keymaps/khitsule khord:keyboards/keebio/iris/keymaps/khord krusli:keyboards/keebio/iris/keymaps/krusli lewisridden:keyboards/keebio/iris/keymaps/lewisridden mattly:keyboards/keebio/iris/keymaps/mattly mojitas:keyboards/keebio/iris/keymaps/mojitas moonfall:keyboards/keebio/iris/keymaps/moonfall mtdjr:keyboards/keebio/iris/keymaps/mtdjr nstickney:keyboards/keebio/iris/keymaps/nstickney olligranlund_nordic:keyboards/keebio/iris/keymaps/olligranlund_nordic omgvee:keyboards/keebio/iris/keymaps/omgvee osiris:keyboards/keebio/iris/keymaps/osiris pvinis:keyboards/keebio/iris/keymaps/pvinis rdhaene:keyboards/keebio/iris/keymaps/rdhaene rs:keyboards/keebio/iris/keymaps/rs s1carii:keyboards/keebio/iris/keymaps/s1carii saviof:keyboards/keebio/iris/keymaps/saviof sethBarberee:keyboards/keebio/iris/keymaps/sethBarberee swedish:keyboards/keebio/iris/keymaps/swedish transmogrified:keyboards/keebio/iris/keymaps/transmogrified via:keyboards/keebio/iris/keymaps/via vyolle:keyboards/keebio/iris/keymaps/vyolle wanleg:keyboards/keebio/iris/keymaps/wanleg xyverz:keyboards/keebio/iris/keymaps/xyverz yanfali:keyboards/keebio/iris/keymaps/yanfali yoonbae81:keyboards/keebio/iris/keymaps/yoonbae81
