ajp10304:layouts/community/ortho_4x12/ajp10304 alfrdmalr:layouts/community/ortho_4x12/alfrdmalr atreus:keyboards/keebio/levinson/keymaps/atreus bakingpy2u:keyboards/keebio/levinson/keymaps/bakingpy2u bakingpy:layouts/community/ortho_4x12/bakingpy bredfield:layouts/community/ortho_4x12/bredfield buswerks:layouts/community/ortho_4x12/buswerks colemak_mod_dh_wide:layouts/community/ortho_4x12/colemak_mod_dh_wide crs:layouts/community/ortho_4x12/crs dcompact:keyboards/keebio/levinson/keymaps/dcompact default:keyboards/keebio/levinson/keymaps/default drashna:layouts/community/ortho_4x12/drashna drogglbecher:keyboards/keebio/levinson/keymaps/drogglbecher ergodoxish:layouts/community/ortho_4x12/ergodoxish grahampheath:layouts/community/ortho_4x12/grahampheath issmirnov:keyboards/keebio/levinson/keymaps/issmirnov jarred:layouts/community/ortho_4x12/jarred jotix:layouts/community/ortho_4x12/jotix juno:layouts/community/ortho_4x12/juno junonum:layouts/community/ortho_4x12/junonum jyh2:keyboards/keebio/levinson/keymaps/jyh2 jyh:keyboards/keebio/levinson/keymaps/jyh ksamborski:keyboards/keebio/levinson/keymaps/ksamborski losinggeneration:keyboards/keebio/levinson/keymaps/losinggeneration manna-harbour_miryoku:layouts/community/ortho_4x12/manna-harbour_miryoku mguterl:layouts/community/ortho_4x12/mguterl mindsound:layouts/community/ortho_4x12/mindsound mmacdougall:keyboards/keebio/levinson/keymaps/mmacdougall numpad:keyboards/keebio/levinson/keymaps/numpad omgvee:keyboards/keebio/levinson/keymaps/omgvee rossman360:keyboards/keebio/levinson/keymaps/rossman360 rs:layouts/community/ortho_4x12/rs steno:keyboards/keebio/levinson/keymaps/steno symbolic:layouts/community/ortho_4x12/symbolic talljoe:layouts/community/ortho_4x12/talljoe treadwell:keyboards/keebio/levinson/keymaps/treadwell valgrahf:keyboards/keebio/levinson/keymaps/valgrahf wanleg:layouts/community/ortho_4x12/wanleg xtonhasvim:keyboards/keebio/levinson/keymaps/xtonhasvim xyverz:layouts/community/ortho_4x12/xyverz
