ajp10304:layouts/community/ortho_4x12/ajp10304 alfrdmalr:layouts/community/ortho_4x12/alfrdmalr alper:keyboards/contra/keymaps/alper bakingpy:layouts/community/ortho_4x12/bakingpy basic:keyboards/contra/keymaps/basic bramver:keyboards/contra/keymaps/bramver bredfield:layouts/community/ortho_4x12/bredfield buswerks:layouts/community/ortho_4x12/buswerks colemak_mod_dh_wide:layouts/community/ortho_4x12/colemak_mod_dh_wide crs:layouts/community/ortho_4x12/crs dana:keyboards/contra/keymaps/dana deastiny:keyboards/contra/keymaps/deastiny default:keyboards/contra/keymaps/default drashna:layouts/community/ortho_4x12/drashna ergodoxish:layouts/community/ortho_4x12/ergodoxish erovia:keyboards/contra/keymaps/erovia grahampheath:layouts/community/ortho_4x12/grahampheath guidoism:layouts/community/planck_mit/guidoism jarred:layouts/community/ortho_4x12/jarred jotix:layouts/community/ortho_4x12/jotix juno:layouts/community/ortho_4x12/juno junonum:layouts/community/ortho_4x12/junonum losinggeneration:keyboards/contra/keymaps/losinggeneration manna-harbour_miryoku:layouts/community/ortho_4x12/manna-harbour_miryoku maxr1998:keyboards/contra/keymaps/maxr1998 mguterl:layouts/community/ortho_4x12/mguterl mindsound:layouts/community/ortho_4x12/mindsound msiu:keyboards/contra/keymaps/msiu rs:layouts/community/ortho_4x12/rs ryanm101:keyboards/contra/keymaps/ryanm101 symbolic:layouts/community/ortho_4x12/symbolic talljoe:layouts/community/ortho_4x12/talljoe via:keyboards/contra/keymaps/via wanleg:layouts/community/ortho_4x12/wanleg xyverz:layouts/community/ortho_4x12/xyverz
